location,name,freq,weighting,direction,n_stocks,n_stocks_min,date,ret
usa,be_me,monthly,vw,1,13,4,1950-11-30,0.0236178780285115
usa,be_me,monthly,vw,1,16,6,1950-12-31,0.0443150890310325
usa,be_me,monthly,vw,1,21,8,1951-01-31,0.0137841271055939
usa,be_me,monthly,vw,1,30,12,1951-02-28,-0.0173576173177541
usa,be_me,monthly,vw,1,39,17,1951-03-31,0.0161941251263186
usa,be_me,monthly,vw,1,45,19,1951-04-30,0.0334483237257974
usa,be_me,monthly,vw,1,213,96,1951-05-31,0.00819438964902279
usa,be_me,monthly,vw,1,220,98,1951-06-30,-0.0195418408482099
usa,be_me,monthly,vw,1,224,100,1951-07-31,0.0428349122324368
usa,be_me,monthly,vw,1,230,103,1951-08-31,0.0145682855584499
usa,be_me,monthly,vw,1,234,105,1951-09-30,0.00071569696899236
usa,be_me,monthly,vw,1,236,107,1951-10-31,0.0376560408212122
usa,be_me,monthly,vw,1,236,106,1951-11-30,-0.00476630371627625
usa,be_me,monthly,vw,1,238,107,1951-12-31,-0.0364329844300501
usa,be_me,monthly,vw,1,239,107,1952-01-31,0.047663441136349
usa,be_me,monthly,vw,1,237,106,1952-02-29,0.00292349301479041
usa,be_me,monthly,vw,1,237,107,1952-03-31,-0.0149285219270713
usa,be_me,monthly,vw,1,238,107,1952-04-30,0.0015505090522529
usa,be_me,monthly,vw,1,239,108,1952-05-31,-0.010319481953132
usa,be_me,monthly,vw,1,241,107,1952-06-30,-0.00347438739753692
usa,be_me,monthly,vw,1,239,108,1952-07-31,0.00956175323472241
usa,be_me,monthly,vw,1,240,109,1952-08-31,-0.00204971463937422
usa,be_me,monthly,vw,1,240,108,1952-09-30,-0.0214320548621627
usa,be_me,monthly,vw,1,241,109,1952-10-31,0.00772771396434699
usa,be_me,monthly,vw,1,241,109,1952-11-30,-0.00529217590069263
usa,be_me,monthly,vw,1,242,110,1952-12-31,0.0111440374176709
usa,be_me,monthly,vw,1,241,110,1953-01-31,0.0264624642523782
usa,be_me,monthly,vw,1,241,110,1953-02-28,0.00792683618759965
usa,be_me,monthly,vw,1,242,109,1953-03-31,0.00425086896344407
usa,be_me,monthly,vw,1,244,110,1953-04-30,-0.00148054017291409
usa,be_me,monthly,vw,1,244,111,1953-05-31,0.000466281946347803
usa,be_me,monthly,vw,1,243,110,1953-06-30,-0.00480133682888212
usa,be_me,monthly,vw,1,241,109,1953-07-31,-0.00595072811343366
usa,be_me,monthly,vw,1,242,111,1953-08-31,-0.0202928104251103
usa,be_me,monthly,vw,1,244,111,1953-09-30,-0.0311854363971929
usa,be_me,monthly,vw,1,244,111,1953-10-31,0.0036886780351452
usa,be_me,monthly,vw,1,243,111,1953-11-30,-0.0118782390839418
usa,be_me,monthly,vw,1,242,109,1953-12-31,-0.0142423939824888
usa,be_me,monthly,vw,1,243,110,1954-01-31,0.0589837048833252
usa,be_me,monthly,vw,1,241,110,1954-02-28,-0.00462055730411737
usa,be_me,monthly,vw,1,241,111,1954-03-31,-0.0140588764318949
usa,be_me,monthly,vw,1,244,111,1954-04-30,-0.0355111780861423
usa,be_me,monthly,vw,1,245,111,1954-05-31,0.0350598593018269
usa,be_me,monthly,vw,1,245,112,1954-06-30,-0.0297877446993935
usa,be_me,monthly,vw,1,245,111,1954-07-31,0.0295363110960474
usa,be_me,monthly,vw,1,243,110,1954-08-31,0.0100706289163259
usa,be_me,monthly,vw,1,244,111,1954-09-30,-0.00539262924292212
usa,be_me,monthly,vw,1,244,110,1954-10-31,0.0185549316328473
usa,be_me,monthly,vw,1,241,111,1954-11-30,0.016783320789996
usa,be_me,monthly,vw,1,239,110,1954-12-31,0.0512330414294008
usa,be_me,monthly,vw,1,241,110,1955-01-31,0.0132688897089318
usa,be_me,monthly,vw,1,242,109,1955-02-28,-0.00594185711795185
usa,be_me,monthly,vw,1,240,108,1955-03-31,-0.00282280366069537
usa,be_me,monthly,vw,1,241,109,1955-04-30,-0.0139066517686627
usa,be_me,monthly,vw,1,229,104,1955-05-31,-0.0229711579934615
usa,be_me,monthly,vw,1,226,102,1955-06-30,0.0299881223732362
usa,be_me,monthly,vw,1,227,102,1955-07-31,-0.00668086431364277
usa,be_me,monthly,vw,1,226,102,1955-08-31,0.00292819992055209
usa,be_me,monthly,vw,1,227,102,1955-09-30,-0.0131533528856531
usa,be_me,monthly,vw,1,223,101,1955-10-31,0.0196663977130953
usa,be_me,monthly,vw,1,224,101,1955-11-30,-0.0556260679677272
usa,be_me,monthly,vw,1,225,101,1955-12-31,-0.000185222512797213
usa,be_me,monthly,vw,1,223,102,1956-01-31,0.032625495147557
usa,be_me,monthly,vw,1,223,102,1956-02-29,-0.0132882679021226
usa,be_me,monthly,vw,1,224,102,1956-03-31,-0.0214279790171733
usa,be_me,monthly,vw,1,227,102,1956-04-30,-0.0111562972857678
usa,be_me,monthly,vw,1,228,103,1956-05-31,0.0212122745265494
usa,be_me,monthly,vw,1,229,102,1956-06-30,-0.0296119481573354
usa,be_me,monthly,vw,1,229,102,1956-07-31,-0.0135308162283303
usa,be_me,monthly,vw,1,230,102,1956-08-31,0.0255338003088225
usa,be_me,monthly,vw,1,230,101,1956-09-30,0.0291255746515257
usa,be_me,monthly,vw,1,228,101,1956-10-31,0.000670839575336297
usa,be_me,monthly,vw,1,231,102,1956-11-30,0.0206838633407926
usa,be_me,monthly,vw,1,231,102,1956-12-31,-0.0107550350025596
usa,be_me,monthly,vw,1,233,101,1957-01-31,0.0452771040704486
usa,be_me,monthly,vw,1,231,101,1957-02-28,-0.0185863812374746
usa,be_me,monthly,vw,1,233,103,1957-03-31,-0.014402366724386
usa,be_me,monthly,vw,1,231,101,1957-04-30,-0.0232845831792905
usa,be_me,monthly,vw,1,234,104,1957-05-31,-0.0329624928821676
usa,be_me,monthly,vw,1,234,103,1957-06-30,-0.0248608874086291
usa,be_me,monthly,vw,1,234,103,1957-07-31,-0.0149536095181139
usa,be_me,monthly,vw,1,234,103,1957-08-31,0.0145687839613504
usa,be_me,monthly,vw,1,234,104,1957-09-30,0.00863892174442242
usa,be_me,monthly,vw,1,232,105,1957-10-31,-0.0300846908342962
usa,be_me,monthly,vw,1,234,105,1957-11-30,-0.0189092868564006
usa,be_me,monthly,vw,1,233,105,1957-12-31,-0.0385787774455904
usa,be_me,monthly,vw,1,233,105,1958-01-31,0.0767742276792165
usa,be_me,monthly,vw,1,235,104,1958-02-28,-0.00842693398974973
usa,be_me,monthly,vw,1,235,105,1958-03-31,0.0140948385739266
usa,be_me,monthly,vw,1,235,105,1958-04-30,-0.0219832197589939
usa,be_me,monthly,vw,1,237,106,1958-05-31,0.0286313858678881
usa,be_me,monthly,vw,1,236,106,1958-06-30,0.00188128368588771
usa,be_me,monthly,vw,1,237,105,1958-07-31,0.0093301427434672
usa,be_me,monthly,vw,1,236,106,1958-08-31,0.0020984501400534
usa,be_me,monthly,vw,1,238,106,1958-09-30,0.00162974771782414
usa,be_me,monthly,vw,1,238,106,1958-10-31,-0.00412627500908188
usa,be_me,monthly,vw,1,240,106,1958-11-30,-0.0123841233485939
usa,be_me,monthly,vw,1,239,107,1958-12-31,-0.0332619630354288
usa,be_me,monthly,vw,1,239,105,1959-01-31,0.0540542659446008
usa,be_me,monthly,vw,1,240,106,1959-02-28,-0.00785142285179193
usa,be_me,monthly,vw,1,241,106,1959-03-31,0.00766963663658923
usa,be_me,monthly,vw,1,240,105,1959-04-30,-0.0418481143762158
usa,be_me,monthly,vw,1,244,106,1959-05-31,-0.00603422284519839
usa,be_me,monthly,vw,1,243,106,1959-06-30,-0.00429246647283517
usa,be_me,monthly,vw,1,243,106,1959-07-31,0.00569125618733722
usa,be_me,monthly,vw,1,242,106,1959-08-31,-0.00122702153478679
usa,be_me,monthly,vw,1,242,105,1959-09-30,-0.00508364777287081
usa,be_me,monthly,vw,1,243,106,1959-10-31,-0.0069382342919343
usa,be_me,monthly,vw,1,242,106,1959-11-30,-0.0356234409063728
usa,be_me,monthly,vw,1,243,106,1959-12-31,-0.00165205639912706
usa,be_me,monthly,vw,1,244,106,1960-01-31,0.0265290233140689
usa,be_me,monthly,vw,1,242,106,1960-02-29,-0.0373321707614331
usa,be_me,monthly,vw,1,243,108,1960-03-31,-0.0272787006389545
usa,be_me,monthly,vw,1,242,108,1960-04-30,-0.00400273820850309
usa,be_me,monthly,vw,1,246,108,1960-05-31,-0.0662409695753428
usa,be_me,monthly,vw,1,244,108,1960-06-30,0.0085813182914191
usa,be_me,monthly,vw,1,244,108,1960-07-31,0.0349453985173416
usa,be_me,monthly,vw,1,244,109,1960-08-31,0.0095629465978825
usa,be_me,monthly,vw,1,245,110,1960-09-30,0.0376943500695562
usa,be_me,monthly,vw,1,246,110,1960-10-31,0.00602336991771511
usa,be_me,monthly,vw,1,246,110,1960-11-30,-0.0153508873723477
usa,be_me,monthly,vw,1,249,110,1960-12-31,0.0246275086292234
usa,be_me,monthly,vw,1,256,111,1961-01-31,0.0632339022306041
usa,be_me,monthly,vw,1,256,111,1961-02-28,0.00150590946770132
usa,be_me,monthly,vw,1,259,113,1961-03-31,0.00531417373222474
usa,be_me,monthly,vw,1,262,112,1961-04-30,0.0312583691108223
usa,be_me,monthly,vw,1,303,126,1961-05-31,0.0262036868336944
usa,be_me,monthly,vw,1,304,126,1961-06-30,-0.0212643867962537
usa,be_me,monthly,vw,1,304,124,1961-07-31,0.0026794240203766
usa,be_me,monthly,vw,1,304,126,1961-08-31,-0.0173388400513575
usa,be_me,monthly,vw,1,303,125,1961-09-30,-0.0365761773351832
usa,be_me,monthly,vw,1,306,125,1961-10-31,0.0152957321392758
usa,be_me,monthly,vw,1,311,126,1961-11-30,-0.0088041064804043
usa,be_me,monthly,vw,1,309,127,1961-12-31,0.0218394030048767
usa,be_me,monthly,vw,1,312,129,1962-01-31,0.0554825348470621
usa,be_me,monthly,vw,1,418,179,1962-02-28,0.00805323019421848
usa,be_me,monthly,vw,1,455,197,1962-03-31,-0.0186982607271088
usa,be_me,monthly,vw,1,455,199,1962-04-30,0.00578331265093259
usa,be_me,monthly,vw,1,550,243,1962-05-31,0.0421343065390346
usa,be_me,monthly,vw,1,552,245,1962-06-30,0.0128066615745117
usa,be_me,monthly,vw,1,551,245,1962-07-31,-0.0462745256743163
usa,be_me,monthly,vw,1,669,285,1962-08-31,-0.00212767291091539
usa,be_me,monthly,vw,1,660,281,1962-09-30,-0.00743858440953384
usa,be_me,monthly,vw,1,670,280,1962-10-31,-0.0120921128929873
usa,be_me,monthly,vw,1,684,284,1962-11-30,0.0294326535844983
usa,be_me,monthly,vw,1,696,281,1962-12-31,-0.0221323179493356
usa,be_me,monthly,vw,1,700,281,1963-01-31,0.0228471558789085
usa,be_me,monthly,vw,1,700,286,1963-02-28,0.0125248414866323
usa,be_me,monthly,vw,1,707,287,1963-03-31,0.00168551117294934
usa,be_me,monthly,vw,1,711,288,1963-04-30,0.0115834375628792
usa,be_me,monthly,vw,1,763,309,1963-05-31,0.01623277458005
usa,be_me,monthly,vw,1,769,311,1963-06-30,0.0031163673841877
usa,be_me,monthly,vw,1,774,319,1963-07-31,-0.00914795820787593
usa,be_me,monthly,vw,1,775,318,1963-08-31,0.00694462650875455
usa,be_me,monthly,vw,1,790,316,1963-09-30,0.00319892146280136
usa,be_me,monthly,vw,1,792,316,1963-10-31,-0.0294391005574906
usa,be_me,monthly,vw,1,800,321,1963-11-30,0.00719061477112009
usa,be_me,monthly,vw,1,795,318,1963-12-31,-0.0128362602406377
usa,be_me,monthly,vw,1,811,320,1964-01-31,-0.00702687009968745
usa,be_me,monthly,vw,1,805,323,1964-02-29,0.0149106088019746
usa,be_me,monthly,vw,1,807,322,1964-03-31,0.0244584480226786
usa,be_me,monthly,vw,1,812,324,1964-04-30,0.00141092238243236
usa,be_me,monthly,vw,1,821,330,1964-05-31,0.000215044667630358
usa,be_me,monthly,vw,1,824,329,1964-06-30,0.0116560245730202
usa,be_me,monthly,vw,1,829,325,1964-07-31,-0.00276505229317246
usa,be_me,monthly,vw,1,839,329,1964-08-31,0.00555785603707584
usa,be_me,monthly,vw,1,843,332,1964-09-30,0.0167699273777591
usa,be_me,monthly,vw,1,851,335,1964-10-31,0.00923697998152383
usa,be_me,monthly,vw,1,855,339,1964-11-30,-0.0207147734052151
usa,be_me,monthly,vw,1,848,338,1964-12-31,-0.022424096477027
usa,be_me,monthly,vw,1,854,331,1965-01-31,-0.00240192534489803
usa,be_me,monthly,vw,1,876,346,1965-02-28,0.0037552954973217
usa,be_me,monthly,vw,1,883,344,1965-03-31,0.00887845568293959
usa,be_me,monthly,vw,1,889,346,1965-04-30,-0.0113500279122755
usa,be_me,monthly,vw,1,910,368,1965-05-31,0.000879161388295725
usa,be_me,monthly,vw,1,915,369,1965-06-30,0.00199701669683684
usa,be_me,monthly,vw,1,924,368,1965-07-31,0.0156354642561536
usa,be_me,monthly,vw,1,935,373,1965-08-31,-0.00510094458363404
usa,be_me,monthly,vw,1,935,373,1965-09-30,-0.00913057907376747
usa,be_me,monthly,vw,1,943,378,1965-10-31,0.00402642623460685
usa,be_me,monthly,vw,1,949,386,1965-11-30,-0.000811829029688651
usa,be_me,monthly,vw,1,952,390,1965-12-31,0.0191202111534381
usa,be_me,monthly,vw,1,960,393,1966-01-31,0.0234158446249602
usa,be_me,monthly,vw,1,1116,475,1966-02-28,-0.00755315333581151
usa,be_me,monthly,vw,1,1114,490,1966-03-31,-0.0202543828281511
usa,be_me,monthly,vw,1,1105,487,1966-04-30,-0.0180655344692085
usa,be_me,monthly,vw,1,1159,532,1966-05-31,0.00753479459474565
usa,be_me,monthly,vw,1,1178,527,1966-06-30,0.00726155793277455
usa,be_me,monthly,vw,1,1173,528,1966-07-31,0.00921562208248677
usa,be_me,monthly,vw,1,1204,541,1966-08-31,0.0193123394480383
usa,be_me,monthly,vw,1,1218,538,1966-09-30,0.0154305835287218
usa,be_me,monthly,vw,1,1217,541,1966-10-31,0.0367310232327812
usa,be_me,monthly,vw,1,1241,518,1966-11-30,-0.0423746186460551
usa,be_me,monthly,vw,1,1231,510,1966-12-31,0.0227804165286037
usa,be_me,monthly,vw,1,1235,505,1967-01-31,0.0494302452192454
usa,be_me,monthly,vw,1,1244,533,1967-02-28,-0.0295053420603311
usa,be_me,monthly,vw,1,1249,558,1967-03-31,-0.00438453708102842
usa,be_me,monthly,vw,1,1256,554,1967-04-30,-0.0389226177041849
usa,be_me,monthly,vw,1,1255,563,1967-05-31,0.0141474679299732
usa,be_me,monthly,vw,1,1265,568,1967-06-30,-0.00617449581031891
usa,be_me,monthly,vw,1,1253,580,1967-07-31,-0.0132858222309284
usa,be_me,monthly,vw,1,1253,586,1967-08-31,0.00795423686302357
usa,be_me,monthly,vw,1,1265,593,1967-09-30,-0.0157909910510969
usa,be_me,monthly,vw,1,1271,603,1967-10-31,-0.0399095521835246
usa,be_me,monthly,vw,1,1258,598,1967-11-30,-0.0131666703220843
usa,be_me,monthly,vw,1,1261,590,1967-12-31,0.00593318444760695
usa,be_me,monthly,vw,1,1254,582,1968-01-31,0.0777550262532768
usa,be_me,monthly,vw,1,1384,683,1968-02-29,0.0269547393725554
usa,be_me,monthly,vw,1,1382,683,1968-03-31,-0.0372047733652117
usa,be_me,monthly,vw,1,1384,675,1968-04-30,-0.070616731589717
usa,be_me,monthly,vw,1,1420,703,1968-05-31,-0.0254350544287165
usa,be_me,monthly,vw,1,1411,684,1968-06-30,0.0429642597134847
usa,be_me,monthly,vw,1,1418,686,1968-07-31,0.0624120747716277
usa,be_me,monthly,vw,1,1422,676,1968-08-31,0.00396158769087623
usa,be_me,monthly,vw,1,1424,669,1968-09-30,0.0197817031571282
usa,be_me,monthly,vw,1,1418,677,1968-10-31,0.0486704658113495
usa,be_me,monthly,vw,1,1429,677,1968-11-30,-0.00244360119212185
usa,be_me,monthly,vw,1,1445,701,1968-12-31,0.0105074559070613
usa,be_me,monthly,vw,1,1459,703,1969-01-31,0.0297867021086317
usa,be_me,monthly,vw,1,1459,707,1969-02-28,0.00578690415759772
usa,be_me,monthly,vw,1,1472,714,1969-03-31,-0.0122366307281488
usa,be_me,monthly,vw,1,1470,726,1969-04-30,-0.019011617188802
usa,be_me,monthly,vw,1,1506,744,1969-05-31,-0.0026547663103668
usa,be_me,monthly,vw,1,1502,724,1969-06-30,-0.0355759551476491
usa,be_me,monthly,vw,1,1531,715,1969-07-31,0.00136855605861742
usa,be_me,monthly,vw,1,1550,714,1969-08-31,-0.0335794021784014
usa,be_me,monthly,vw,1,1541,698,1969-09-30,-0.0434478400985534
usa,be_me,monthly,vw,1,1544,672,1969-10-31,-0.0437932828123494
usa,be_me,monthly,vw,1,1546,678,1969-11-30,-0.0296241442653431
usa,be_me,monthly,vw,1,1563,670,1969-12-31,-0.0460007079873883
usa,be_me,monthly,vw,1,1578,633,1970-01-31,-0.00430189044024894
usa,be_me,monthly,vw,1,1562,654,1970-02-28,0.0410421724088874
usa,be_me,monthly,vw,1,1596,656,1970-03-31,0.0177309405392767
usa,be_me,monthly,vw,1,1614,649,1970-04-30,0.0372079291268602
usa,be_me,monthly,vw,1,1713,668,1970-05-31,0.0607088042055762
usa,be_me,monthly,vw,1,1725,669,1970-06-30,-0.0545535256214275
usa,be_me,monthly,vw,1,1732,651,1970-07-31,0.0555587513627895
usa,be_me,monthly,vw,1,1701,615,1970-08-31,0.00439414085897991
usa,be_me,monthly,vw,1,1718,625,1970-09-30,0.00268297157388799
usa,be_me,monthly,vw,1,1739,668,1970-10-31,-0.0286740076542711
usa,be_me,monthly,vw,1,1759,638,1970-11-30,0.0130152681374069
usa,be_me,monthly,vw,1,1803,619,1970-12-31,0.0407250003390671
usa,be_me,monthly,vw,1,1799,608,1971-01-31,0.010290125463945
usa,be_me,monthly,vw,1,1730,638,1971-02-28,-0.014949606064531
usa,be_me,monthly,vw,1,1700,652,1971-03-31,-0.0201706823855387
usa,be_me,monthly,vw,1,1729,648,1971-04-30,-0.0133088001963116
usa,be_me,monthly,vw,1,1748,691,1971-05-31,-0.0196013127736972
usa,be_me,monthly,vw,1,1770,685,1971-06-30,-0.00908771976086427
usa,be_me,monthly,vw,1,1784,671,1971-07-31,-0.0253881994953871
usa,be_me,monthly,vw,1,1796,662,1971-08-31,-0.00599421310464761
usa,be_me,monthly,vw,1,1768,670,1971-09-30,-0.052461720082741
usa,be_me,monthly,vw,1,1824,684,1971-10-31,-0.0177250272442712
usa,be_me,monthly,vw,1,1832,676,1971-11-30,-0.00528507832802618
usa,be_me,monthly,vw,1,1890,680,1971-12-31,-0.0063841991397444
usa,be_me,monthly,vw,1,1864,673,1972-01-31,0.0093277528534079
usa,be_me,monthly,vw,1,1830,708,1972-02-29,-0.0471614467951308
usa,be_me,monthly,vw,1,1840,745,1972-03-31,-0.025553212188079
usa,be_me,monthly,vw,1,1832,716,1972-04-30,-0.0264533949481848
usa,be_me,monthly,vw,1,1873,742,1972-05-31,-0.0147690221152338
usa,be_me,monthly,vw,1,1875,730,1972-06-30,-0.033193253631658
usa,be_me,monthly,vw,1,1896,721,1972-07-31,-0.0163692815184182
usa,be_me,monthly,vw,1,1882,717,1972-08-31,0.0699434014505061
usa,be_me,monthly,vw,1,1910,722,1972-09-30,-0.0123527917698479
usa,be_me,monthly,vw,1,1934,722,1972-10-31,0.0141404711106222
usa,be_me,monthly,vw,1,1947,695,1972-11-30,0.0743518572585334
usa,be_me,monthly,vw,1,1976,689,1972-12-31,-0.0399292428644657
usa,be_me,monthly,vw,1,2452,820,1973-01-31,-0.0164858952824791
usa,be_me,monthly,vw,1,2457,857,1973-02-28,-0.020025165208633
usa,be_me,monthly,vw,1,2444,847,1973-03-31,0.00941963051265844
usa,be_me,monthly,vw,1,2450,851,1973-04-30,0.0203281175229293
usa,be_me,monthly,vw,1,2568,903,1973-05-31,-0.0424276106356706
usa,be_me,monthly,vw,1,2584,874,1973-06-30,-0.0195889251145759
usa,be_me,monthly,vw,1,2596,870,1973-07-31,0.026466541896971
usa,be_me,monthly,vw,1,2525,870,1973-08-31,-0.00128948624256721
usa,be_me,monthly,vw,1,2540,855,1973-09-30,0.0966066062732595
usa,be_me,monthly,vw,1,2570,850,1973-10-31,-0.0226050818487701
usa,be_me,monthly,vw,1,2600,875,1973-11-30,-0.0478680102877223
usa,be_me,monthly,vw,1,2595,828,1973-12-31,0.0238240810820969
usa,be_me,monthly,vw,1,2639,807,1974-01-31,0.216705752981886
usa,be_me,monthly,vw,1,2603,853,1974-02-28,0.0267275282475317
usa,be_me,monthly,vw,1,2591,841,1974-03-31,-0.00954909497899827
usa,be_me,monthly,vw,1,2568,852,1974-04-30,-0.0563274680759504
usa,be_me,monthly,vw,1,2594,872,1974-05-31,-0.0288447530798937
usa,be_me,monthly,vw,1,2617,868,1974-06-30,-0.0436530285805748
usa,be_me,monthly,vw,1,2607,886,1974-07-31,0.0490729584068419
usa,be_me,monthly,vw,1,2647,886,1974-08-31,-0.01544276853742
usa,be_me,monthly,vw,1,2643,898,1974-09-30,0.0451683465866669
usa,be_me,monthly,vw,1,2670,911,1974-10-31,-0.0323354740763163
usa,be_me,monthly,vw,1,2686,870,1974-11-30,-0.00901848453945458
usa,be_me,monthly,vw,1,2703,856,1974-12-31,0.112464269011688
usa,be_me,monthly,vw,1,2742,836,1975-01-31,0.166863441110161
usa,be_me,monthly,vw,1,2722,860,1975-02-28,-0.0397651124992134
usa,be_me,monthly,vw,1,2759,861,1975-03-31,0.0388588529330662
usa,be_me,monthly,vw,1,2694,849,1975-04-30,0.00277238350706116
usa,be_me,monthly,vw,1,2833,897,1975-05-31,-0.00857077395357308
usa,be_me,monthly,vw,1,2831,891,1975-06-30,0.0450373433349721
usa,be_me,monthly,vw,1,2825,900,1975-07-31,0.0354061758185505
usa,be_me,monthly,vw,1,2774,935,1975-08-31,0.0179190741832411
usa,be_me,monthly,vw,1,2832,936,1975-09-30,0.0123889409224629
usa,be_me,monthly,vw,1,2815,922,1975-10-31,-0.0046564288494564
usa,be_me,monthly,vw,1,2811,896,1975-11-30,0.0117346738992001
usa,be_me,monthly,vw,1,2822,888,1975-12-31,0.0209990543582593
usa,be_me,monthly,vw,1,2826,888,1976-01-31,0.0814627709486954
usa,be_me,monthly,vw,1,2786,925,1976-02-29,0.0352297993013718
usa,be_me,monthly,vw,1,2757,958,1976-03-31,-0.0129798594573467
usa,be_me,monthly,vw,1,2740,954,1976-04-30,0.0143793705049782
usa,be_me,monthly,vw,1,2802,962,1976-05-31,-0.00356025452642261
usa,be_me,monthly,vw,1,2816,948,1976-06-30,0.0205825396839134
usa,be_me,monthly,vw,1,2871,934,1976-07-31,0.0183081465647655
usa,be_me,monthly,vw,1,2679,935,1976-08-31,-0.0183686205676987
usa,be_me,monthly,vw,1,2699,948,1976-09-30,0.0166945621155746
usa,be_me,monthly,vw,1,2873,946,1976-10-31,0.0117633254420969
usa,be_me,monthly,vw,1,2898,954,1976-11-30,0.0320816380289193
usa,be_me,monthly,vw,1,2947,951,1976-12-31,0.0409249478918002
usa,be_me,monthly,vw,1,2896,954,1977-01-31,0.0676894391479003
usa,be_me,monthly,vw,1,2882,1009,1977-02-28,0.00263226495948573
usa,be_me,monthly,vw,1,2877,1017,1977-03-31,0.013753406941516
usa,be_me,monthly,vw,1,2877,1014,1977-04-30,0.0426904134364104
usa,be_me,monthly,vw,1,2931,1026,1977-05-31,0.0117213069462383
usa,be_me,monthly,vw,1,2945,1032,1977-06-30,-0.0145593606864651
usa,be_me,monthly,vw,1,2939,1024,1977-07-31,0.0093775509703253
usa,be_me,monthly,vw,1,2916,1059,1977-08-31,-0.0377147602115737
usa,be_me,monthly,vw,1,2890,1061,1977-09-30,0.00708428895175491
usa,be_me,monthly,vw,1,2890,1061,1977-10-31,0.0147032375942801
usa,be_me,monthly,vw,1,2885,1072,1977-11-30,0.0050381869403368
usa,be_me,monthly,vw,1,2903,1072,1977-12-31,0.00814937623035187
usa,be_me,monthly,vw,1,2875,1065,1978-01-31,0.0203348305688774
usa,be_me,monthly,vw,1,2888,1119,1978-02-28,0.0155989119333196
usa,be_me,monthly,vw,1,2880,1158,1978-03-31,0.0304832299469788
usa,be_me,monthly,vw,1,2835,1157,1978-04-30,-0.0559413108852125
usa,be_me,monthly,vw,1,2825,1148,1978-05-31,-0.016856369128462
usa,be_me,monthly,vw,1,2763,1151,1978-06-30,-0.0103200176217568
usa,be_me,monthly,vw,1,2734,1158,1978-07-31,-0.0340150717450882
usa,be_me,monthly,vw,1,2726,1141,1978-08-31,-0.00256858850619254
usa,be_me,monthly,vw,1,2728,1179,1978-09-30,0.0432940756463256
usa,be_me,monthly,vw,1,2750,1196,1978-10-31,0.018029579699379
usa,be_me,monthly,vw,1,2821,1158,1978-11-30,-0.000232080800410258
usa,be_me,monthly,vw,1,2787,1151,1978-12-31,-0.0354178243335444
usa,be_me,monthly,vw,1,2804,1123,1979-01-31,0.0315082822614091
usa,be_me,monthly,vw,1,2888,1263,1979-02-28,0.019337717909412
usa,be_me,monthly,vw,1,2884,1265,1979-03-31,-0.00631627693699111
usa,be_me,monthly,vw,1,2886,1239,1979-04-30,-0.00480611682990711
usa,be_me,monthly,vw,1,2898,1246,1979-05-31,0.0178030274606371
usa,be_me,monthly,vw,1,2913,1257,1979-06-30,0.0129357748186556
usa,be_me,monthly,vw,1,2920,1228,1979-07-31,0.0160082914707697
usa,be_me,monthly,vw,1,2905,1228,1979-08-31,-0.0137568051232491
usa,be_me,monthly,vw,1,2910,1248,1979-09-30,-0.00055438424613357
usa,be_me,monthly,vw,1,2889,1224,1979-10-31,-0.0152133910038787
usa,be_me,monthly,vw,1,2856,1192,1979-11-30,-0.0352100811676262
usa,be_me,monthly,vw,1,2874,1177,1979-12-31,-0.0246763251347769
usa,be_me,monthly,vw,1,2843,1172,1980-01-31,-0.0269355099813826
usa,be_me,monthly,vw,1,2788,1172,1980-02-29,-0.0313809249054641
usa,be_me,monthly,vw,1,2795,1187,1980-03-31,0.069954790849606
usa,be_me,monthly,vw,1,2780,1168,1980-04-30,0.0241116832377197
usa,be_me,monthly,vw,1,2836,1183,1980-05-31,0.0161317347784755
usa,be_me,monthly,vw,1,2836,1180,1980-06-30,-0.0244437079062385
usa,be_me,monthly,vw,1,2888,1201,1980-07-31,-0.0522242168974867
usa,be_me,monthly,vw,1,2887,1200,1980-08-31,-0.013582347053802
usa,be_me,monthly,vw,1,2853,1227,1980-09-30,-0.0441370007300877
usa,be_me,monthly,vw,1,2835,1213,1980-10-31,-0.0356043025115569
usa,be_me,monthly,vw,1,2868,1227,1980-11-30,-0.102858377624216
usa,be_me,monthly,vw,1,2884,1218,1980-12-31,0.059493744448659
usa,be_me,monthly,vw,1,2915,1213,1981-01-31,0.0876461159083212
usa,be_me,monthly,vw,1,2950,1287,1981-02-28,0.00745894059081627
usa,be_me,monthly,vw,1,2948,1276,1981-03-31,0.0232308020428861
usa,be_me,monthly,vw,1,2957,1291,1981-04-30,0.0260391856195816
usa,be_me,monthly,vw,1,3027,1399,1981-05-31,-0.0193351731949249
usa,be_me,monthly,vw,1,3057,1409,1981-06-30,0.0735545955328507
usa,be_me,monthly,vw,1,3069,1454,1981-07-31,-0.00763048050020874
usa,be_me,monthly,vw,1,3097,1483,1981-08-31,0.0282489532887275
usa,be_me,monthly,vw,1,3079,1478,1981-09-30,0.0389773920971619
usa,be_me,monthly,vw,1,3068,1461,1981-10-31,-0.0594861129345433
usa,be_me,monthly,vw,1,3099,1495,1981-11-30,0.0251159338527976
usa,be_me,monthly,vw,1,3111,1478,1981-12-31,0.00915733715735955
usa,be_me,monthly,vw,1,3103,1486,1982-01-31,0.00187687919516052
usa,be_me,monthly,vw,1,3125,1517,1982-02-28,0.0360829810944566
usa,be_me,monthly,vw,1,3114,1510,1982-03-31,0.0247481515592254
usa,be_me,monthly,vw,1,3122,1519,1982-04-30,-0.029567189941307
usa,be_me,monthly,vw,1,3141,1547,1982-05-31,0.0256113107003239
usa,be_me,monthly,vw,1,3146,1570,1982-06-30,-0.0138196154445362
usa,be_me,monthly,vw,1,3125,1546,1982-07-31,-0.0303733156315143
usa,be_me,monthly,vw,1,3145,1565,1982-08-31,0.026715400658796
usa,be_me,monthly,vw,1,3166,1503,1982-09-30,-0.00897227001253783
usa,be_me,monthly,vw,1,3124,1443,1982-10-31,-0.0228521563412046
usa,be_me,monthly,vw,1,3150,1480,1982-11-30,-0.0606330803585132
usa,be_me,monthly,vw,1,3108,1434,1982-12-31,0.0123518196020261
usa,be_me,monthly,vw,1,3056,1369,1983-01-31,0.0175643925539312
usa,be_me,monthly,vw,1,3075,1475,1983-02-28,-0.0137330628936894
usa,be_me,monthly,vw,1,3046,1455,1983-03-31,0.00785711869418946
usa,be_me,monthly,vw,1,3102,1516,1983-04-30,0.0104499155666619
usa,be_me,monthly,vw,1,3149,1558,1983-05-31,0.00113239984947103
usa,be_me,monthly,vw,1,3142,1516,1983-06-30,-0.038794465060931
usa,be_me,monthly,vw,1,3163,1528,1983-07-31,0.0432479792737161
usa,be_me,monthly,vw,1,3173,1473,1983-08-31,0.0617535699924996
usa,be_me,monthly,vw,1,3229,1475,1983-09-30,-0.000635579750806831
usa,be_me,monthly,vw,1,3275,1562,1983-10-31,0.0440953982209871
usa,be_me,monthly,vw,1,3348,1587,1983-11-30,0.00488742408939225
usa,be_me,monthly,vw,1,3339,1613,1983-12-31,0.00931677975532959
usa,be_me,monthly,vw,1,3341,1618,1984-01-31,0.0909216008858192
usa,be_me,monthly,vw,1,3415,1550,1984-02-29,0.0205998003591365
usa,be_me,monthly,vw,1,3428,1562,1984-03-31,0.00311263842763893
usa,be_me,monthly,vw,1,3460,1592,1984-04-30,-0.00361164823197259
usa,be_me,monthly,vw,1,3486,1592,1984-05-31,0.0055940386890514
usa,be_me,monthly,vw,1,3557,1612,1984-06-30,-0.0254136424528407
usa,be_me,monthly,vw,1,3493,1613,1984-07-31,-3.26329611808583e-05
usa,be_me,monthly,vw,1,3581,1687,1984-08-31,0.0120167017757186
usa,be_me,monthly,vw,1,3578,1747,1984-09-30,0.0477554951245031
usa,be_me,monthly,vw,1,3569,1755,1984-10-31,0.00243621321787431
usa,be_me,monthly,vw,1,3630,1762,1984-11-30,0.0340222201877662
usa,be_me,monthly,vw,1,3650,1804,1984-12-31,-0.000746753910511698
usa,be_me,monthly,vw,1,3684,1800,1985-01-31,-0.0306086091395247
usa,be_me,monthly,vw,1,3646,1819,1985-02-28,0.0019898686344769
usa,be_me,monthly,vw,1,3592,1788,1985-03-31,0.0244439446187926
usa,be_me,monthly,vw,1,3615,1801,1985-04-30,0.0252913138345174
usa,be_me,monthly,vw,1,3630,1738,1985-05-31,-0.00859768565592922
usa,be_me,monthly,vw,1,3619,1807,1985-06-30,0.0017700758696933
usa,be_me,monthly,vw,1,3647,1796,1985-07-31,-0.0126841041783374
usa,be_me,monthly,vw,1,3618,1778,1985-08-31,0.0171314601463077
usa,be_me,monthly,vw,1,3668,1794,1985-09-30,0.00395894803141717
usa,be_me,monthly,vw,1,3672,1795,1985-10-31,0.010508760485874
usa,be_me,monthly,vw,1,3611,1731,1985-11-30,-0.030291906409145
usa,be_me,monthly,vw,1,3590,1675,1985-12-31,-0.0116265097780227
usa,be_me,monthly,vw,1,3590,1653,1986-01-31,0.00425171347476643
usa,be_me,monthly,vw,1,3573,1698,1986-02-28,-0.00721885152837987
usa,be_me,monthly,vw,1,3584,1664,1986-03-31,-0.00715855104591408
usa,be_me,monthly,vw,1,3600,1635,1986-04-30,-0.0342379675456958
usa,be_me,monthly,vw,1,3642,1734,1986-05-31,-0.00768144523391274
usa,be_me,monthly,vw,1,3649,1731,1986-06-30,-0.0169927335924655
usa,be_me,monthly,vw,1,3651,1731,1986-07-31,0.0330637847922293
usa,be_me,monthly,vw,1,3737,1800,1986-08-31,0.0593731252327631
usa,be_me,monthly,vw,1,3792,1764,1986-09-30,0.0493251335860387
usa,be_me,monthly,vw,1,3801,1816,1986-10-31,-0.0227355106142275
usa,be_me,monthly,vw,1,3770,1786,1986-11-30,9.46863148521028e-05
usa,be_me,monthly,vw,1,3796,1802,1986-12-31,-0.00422150671151105
usa,be_me,monthly,vw,1,3801,1781,1987-01-31,-0.0387782883912161
usa,be_me,monthly,vw,1,3773,1726,1987-02-28,-0.0564129680164903
usa,be_me,monthly,vw,1,3826,1778,1987-03-31,0.0182078514629574
usa,be_me,monthly,vw,1,3809,1798,1987-04-30,0.00638309046736831
usa,be_me,monthly,vw,1,3823,1866,1987-05-31,-0.00263085413782443
usa,be_me,monthly,vw,1,3828,1864,1987-06-30,0.00531743100461815
usa,be_me,monthly,vw,1,3869,1856,1987-07-31,-0.0178080545436935
usa,be_me,monthly,vw,1,3928,1875,1987-08-31,-0.00964295646728914
usa,be_me,monthly,vw,1,3958,1849,1987-09-30,-0.00404071961924134
usa,be_me,monthly,vw,1,3940,1880,1987-10-31,0.0570973092301394
usa,be_me,monthly,vw,1,3999,1877,1987-11-30,0.0246093020307824
usa,be_me,monthly,vw,1,4029,1845,1987-12-31,-0.0368803962285822
usa,be_me,monthly,vw,1,3975,1696,1988-01-31,0.0831823401856822
usa,be_me,monthly,vw,1,3981,1769,1988-02-29,-0.00959996269488396
usa,be_me,monthly,vw,1,3949,1713,1988-03-31,0.0115901833794814
usa,be_me,monthly,vw,1,3913,1714,1988-04-30,0.0151383037478727
usa,be_me,monthly,vw,1,3924,1764,1988-05-31,0.0229905600634135
usa,be_me,monthly,vw,1,3936,1740,1988-06-30,-0.00163829807516626
usa,be_me,monthly,vw,1,3903,1690,1988-07-31,0.0130889173925261
usa,be_me,monthly,vw,1,3894,1732,1988-08-31,0.0148736430094321
usa,be_me,monthly,vw,1,3906,1736,1988-09-30,-0.0150995750235439
usa,be_me,monthly,vw,1,3922,1721,1988-10-31,0.0142471873333852
usa,be_me,monthly,vw,1,3935,1734,1988-11-30,0.00526539272442505
usa,be_me,monthly,vw,1,3948,1698,1988-12-31,-0.00967132450746903
usa,be_me,monthly,vw,1,3883,1665,1989-01-31,-4.25330283414377e-05
usa,be_me,monthly,vw,1,3881,1698,1989-02-28,0.00458135120995406
usa,be_me,monthly,vw,1,3900,1707,1989-03-31,-0.00162136608742716
usa,be_me,monthly,vw,1,3879,1681,1989-04-30,-0.0151428250751947
usa,be_me,monthly,vw,1,3916,1727,1989-05-31,-0.0103964363531684
usa,be_me,monthly,vw,1,3882,1665,1989-06-30,0.010646465704285
usa,be_me,monthly,vw,1,3859,1675,1989-07-31,-0.0410000118694492
usa,be_me,monthly,vw,1,3848,1652,1989-08-31,0.019853400213474
usa,be_me,monthly,vw,1,3849,1602,1989-09-30,-0.0178060038954302
usa,be_me,monthly,vw,1,3851,1625,1989-10-31,-0.0144380090344488
usa,be_me,monthly,vw,1,3867,1648,1989-11-30,-0.0156915746903997
usa,be_me,monthly,vw,1,3878,1616,1989-12-31,-0.000807028221899714
usa,be_me,monthly,vw,1,3866,1565,1990-01-31,0.0225287860898473
usa,be_me,monthly,vw,1,3862,1601,1990-02-28,0.0148302010742438
usa,be_me,monthly,vw,1,3864,1596,1990-03-31,-0.0319934948215979
usa,be_me,monthly,vw,1,3824,1552,1990-04-30,-0.0376670658545677
usa,be_me,monthly,vw,1,3863,1631,1990-05-31,-0.0471576669232461
usa,be_me,monthly,vw,1,3884,1594,1990-06-30,-0.0307026515903167
usa,be_me,monthly,vw,1,3851,1605,1990-07-31,-0.0024202754202654
usa,be_me,monthly,vw,1,3849,1620,1990-08-31,0.00152419343418789
usa,be_me,monthly,vw,1,3836,1619,1990-09-30,-0.0158135274388407
usa,be_me,monthly,vw,1,3831,1599,1990-10-31,-0.027819820605017
usa,be_me,monthly,vw,1,3887,1608,1990-11-30,0.0188080020740428
usa,be_me,monthly,vw,1,3901,1536,1990-12-31,-0.00171391560652959
usa,be_me,monthly,vw,1,3871,1460,1991-01-31,0.012718178562145
usa,be_me,monthly,vw,1,3840,1462,1991-02-28,0.00954719765481345
usa,be_me,monthly,vw,1,3817,1474,1991-03-31,-0.0177187148168502
usa,be_me,monthly,vw,1,3779,1470,1991-04-30,0.015070867848969
usa,be_me,monthly,vw,1,3746,1532,1991-05-31,-0.00264133678721364
usa,be_me,monthly,vw,1,3764,1525,1991-06-30,0.0163609179141834
usa,be_me,monthly,vw,1,3793,1560,1991-07-31,-0.0227133331435868
usa,be_me,monthly,vw,1,3827,1598,1991-08-31,-0.0137741448815067
usa,be_me,monthly,vw,1,3859,1603,1991-09-30,0.0107681733594868
usa,be_me,monthly,vw,1,3875,1575,1991-10-31,-0.000781144254907881
usa,be_me,monthly,vw,1,3877,1559,1991-11-30,-0.0236721985746909
usa,be_me,monthly,vw,1,3884,1606,1991-12-31,-0.0874397687044608
usa,be_me,monthly,vw,1,3887,1517,1992-01-31,0.0368363813950712
usa,be_me,monthly,vw,1,3851,1594,1992-02-29,0.0226484511648146
usa,be_me,monthly,vw,1,3856,1652,1992-03-31,0.0217488047460874
usa,be_me,monthly,vw,1,3893,1671,1992-04-30,0.0657773346955274
usa,be_me,monthly,vw,1,3973,1716,1992-05-31,0.00447851713865706
usa,be_me,monthly,vw,1,3941,1689,1992-06-30,0.0293735528885685
usa,be_me,monthly,vw,1,3918,1657,1992-07-31,-0.00218058588685804
usa,be_me,monthly,vw,1,3917,1602,1992-08-31,-0.0102636261791191
usa,be_me,monthly,vw,1,3932,1603,1992-09-30,-0.00577332678311665
usa,be_me,monthly,vw,1,3930,1585,1992-10-31,-0.0216300814530929
usa,be_me,monthly,vw,1,3960,1557,1992-11-30,-0.0155742085748621
usa,be_me,monthly,vw,1,3914,1559,1992-12-31,0.0184852920328909
usa,be_me,monthly,vw,1,3945,1586,1993-01-31,0.0397927782357745
usa,be_me,monthly,vw,1,3915,1629,1993-02-28,0.0672042373543002
usa,be_me,monthly,vw,1,3989,1668,1993-03-31,0.00735401653653059
usa,be_me,monthly,vw,1,4015,1659,1993-04-30,0.0345227241449243
usa,be_me,monthly,vw,1,4077,1719,1993-05-31,-0.0284534110821331
usa,be_me,monthly,vw,1,4047,1722,1993-06-30,0.0208537039871223
usa,be_me,monthly,vw,1,4078,1710,1993-07-31,0.0299949562484156
usa,be_me,monthly,vw,1,4152,1754,1993-08-31,-0.00460939884442163
usa,be_me,monthly,vw,1,4141,1753,1993-09-30,0.00191115847149085
usa,be_me,monthly,vw,1,4155,1753,1993-10-31,-0.0262065908570095
usa,be_me,monthly,vw,1,4224,1801,1993-11-30,-0.00845189030353154
usa,be_me,monthly,vw,1,4218,1811,1993-12-31,0.012005756234697
usa,be_me,monthly,vw,1,4294,1806,1994-01-31,0.0132443653991809
usa,be_me,monthly,vw,1,4380,1876,1994-02-28,-0.0127050977382254
usa,be_me,monthly,vw,1,4360,1843,1994-03-31,0.0141339797504926
usa,be_me,monthly,vw,1,4358,1880,1994-04-30,0.015009054725596
usa,be_me,monthly,vw,1,4862,1915,1994-05-31,0.00219796292830935
usa,be_me,monthly,vw,1,4854,1915,1994-06-30,0.0167768812405436
usa,be_me,monthly,vw,1,4873,1928,1994-07-31,0.0141483409690258
usa,be_me,monthly,vw,1,4921,1922,1994-08-31,-0.0214637895453598
usa,be_me,monthly,vw,1,4946,1898,1994-09-30,-0.0254614003839323
usa,be_me,monthly,vw,1,4922,1942,1994-10-31,-0.00353992686774801
usa,be_me,monthly,vw,1,4956,1906,1994-11-30,-0.00533035753914745
usa,be_me,monthly,vw,1,4965,1934,1994-12-31,-0.00700106694786331
usa,be_me,monthly,vw,1,4997,1857,1995-01-31,0.0224214194759923
usa,be_me,monthly,vw,1,4963,1895,1995-02-28,0.00775293661694287
usa,be_me,monthly,vw,1,4945,1862,1995-03-31,-0.0216621048469164
usa,be_me,monthly,vw,1,4956,1815,1995-04-30,0.00422719116142364
usa,be_me,monthly,vw,1,5006,1875,1995-05-31,0.0168175733690151
usa,be_me,monthly,vw,1,5030,1869,1995-06-30,-0.0224328006597738
usa,be_me,monthly,vw,1,4954,1812,1995-07-31,-0.00866212163300305
usa,be_me,monthly,vw,1,5007,1843,1995-08-31,0.0250785344779271
usa,be_me,monthly,vw,1,5025,1866,1995-09-30,-0.0118862638691294
usa,be_me,monthly,vw,1,4993,1865,1995-10-31,-0.0239461339021286
usa,be_me,monthly,vw,1,5042,1859,1995-11-30,0.0066601011638897
usa,be_me,monthly,vw,1,5098,1825,1995-12-31,0.00984175673805606
usa,be_me,monthly,vw,1,5178,1853,1996-01-31,-0.0069527712193974
usa,be_me,monthly,vw,1,5162,1880,1996-02-29,-0.00755171602201573
usa,be_me,monthly,vw,1,5143,1853,1996-03-31,0.0232191931462798
usa,be_me,monthly,vw,1,5160,1855,1996-04-30,-0.0234354051756508
usa,be_me,monthly,vw,1,5239,1921,1996-05-31,-0.0242265622216183
usa,be_me,monthly,vw,1,5230,1982,1996-06-30,0.00709301159973663
usa,be_me,monthly,vw,1,5251,1998,1996-07-31,0.0241344208443883
usa,be_me,monthly,vw,1,5259,1991,1996-08-31,0.0105643089082924
usa,be_me,monthly,vw,1,5298,1990,1996-09-30,-0.0418144134041634
usa,be_me,monthly,vw,1,5301,1958,1996-10-31,0.0271743532149871
usa,be_me,monthly,vw,1,5392,1943,1996-11-30,0.00407560303605595
usa,be_me,monthly,vw,1,5470,1912,1996-12-31,0.0193827070527061
usa,be_me,monthly,vw,1,5507,1902,1997-01-31,-0.0370898168817263
usa,be_me,monthly,vw,1,5485,1962,1997-02-28,0.0285514864156322
usa,be_me,monthly,vw,1,5489,1968,1997-03-31,0.0249179210076793
usa,be_me,monthly,vw,1,5508,1974,1997-04-30,-0.0485361608048155
usa,be_me,monthly,vw,1,5508,1946,1997-05-31,0.00859256108671869
usa,be_me,monthly,vw,1,5520,1867,1997-06-30,-0.0108236881242563
usa,be_me,monthly,vw,1,5513,1872,1997-07-31,-0.0209717206486289
usa,be_me,monthly,vw,1,5594,1884,1997-08-31,0.0394088711147895
usa,be_me,monthly,vw,1,5562,1920,1997-09-30,0.00317275764346799
usa,be_me,monthly,vw,1,5569,1958,1997-10-31,0.0138719165452366
usa,be_me,monthly,vw,1,5590,2040,1997-11-30,-0.0191517610994969
usa,be_me,monthly,vw,1,5615,1997,1997-12-31,0.0196063112901831
usa,be_me,monthly,vw,1,5503,1866,1998-01-31,-0.0247878411871614
usa,be_me,monthly,vw,1,5465,1865,1998-02-28,-0.0040689351032213
usa,be_me,monthly,vw,1,5501,1844,1998-03-31,0.00502594696275148
usa,be_me,monthly,vw,1,5380,1811,1998-04-30,-0.00209944619285336
usa,be_me,monthly,vw,1,5401,1847,1998-05-31,0.00734114499567432
usa,be_me,monthly,vw,1,5361,1827,1998-06-30,-0.0590174917486299
usa,be_me,monthly,vw,1,5375,1773,1998-07-31,-0.0487076841680527
usa,be_me,monthly,vw,1,5345,1761,1998-08-31,0.0175387631790815
usa,be_me,monthly,vw,1,5341,1718,1998-09-30,-0.0108339752882915
usa,be_me,monthly,vw,1,5375,1649,1998-10-31,-0.0163365080696827
usa,be_me,monthly,vw,1,5328,1558,1998-11-30,-0.0303924534629503
usa,be_me,monthly,vw,1,5278,1591,1998-12-31,-0.0756330395962896
usa,be_me,monthly,vw,1,5238,1518,1999-01-31,-0.0806688542382883
usa,be_me,monthly,vw,1,5080,1560,1999-02-28,0.00581229012323239
usa,be_me,monthly,vw,1,5035,1561,1999-03-31,-0.0196251632633074
usa,be_me,monthly,vw,1,5047,1510,1999-04-30,0.0825581576373682
usa,be_me,monthly,vw,1,5109,1539,1999-05-31,0.051317974239287
usa,be_me,monthly,vw,1,5089,1557,1999-06-30,-0.0639830784019813
usa,be_me,monthly,vw,1,5095,1533,1999-07-31,0.00613103958232696
usa,be_me,monthly,vw,1,5065,1567,1999-08-31,-0.0369920079810062
usa,be_me,monthly,vw,1,5011,1551,1999-09-30,-0.0454152377610205
usa,be_me,monthly,vw,1,4993,1518,1999-10-31,-0.0463296294544168
usa,be_me,monthly,vw,1,5025,1476,1999-11-30,-0.0765645248248904
usa,be_me,monthly,vw,1,4992,1509,1999-12-31,-0.10440001686141
usa,be_me,monthly,vw,1,4918,1448,2000-01-31,-0.00169298006585009
usa,be_me,monthly,vw,1,4880,1492,2000-02-29,-0.157109147296822
usa,be_me,monthly,vw,1,4764,1450,2000-03-31,0.104378656554819
usa,be_me,monthly,vw,1,4848,1432,2000-04-30,0.098008418775404
usa,be_me,monthly,vw,1,5011,1470,2000-05-31,0.0899914029085637
usa,be_me,monthly,vw,1,5058,1448,2000-06-30,-0.131820042498577
usa,be_me,monthly,vw,1,4990,1420,2000-07-31,0.0826500666255496
usa,be_me,monthly,vw,1,5078,1442,2000-08-31,-0.0173880175535806
usa,be_me,monthly,vw,1,5105,1443,2000-09-30,0.0771272169875454
usa,be_me,monthly,vw,1,5057,1433,2000-10-31,0.0274585445388988
usa,be_me,monthly,vw,1,5083,1391,2000-11-30,0.0456977341221192
usa,be_me,monthly,vw,1,5125,1351,2000-12-31,0.0558267932226451
usa,be_me,monthly,vw,1,5175,1261,2001-01-31,0.10483211347557
usa,be_me,monthly,vw,1,5018,1374,2001-02-28,0.0923183193778248
usa,be_me,monthly,vw,1,5020,1338,2001-03-31,0.0387437236651732
usa,be_me,monthly,vw,1,5044,1337,2001-04-30,-0.0144528964899731
usa,be_me,monthly,vw,1,4948,1315,2001-05-31,0.00668482304325611
usa,be_me,monthly,vw,1,4860,1312,2001-06-30,5.64969586250991e-05
usa,be_me,monthly,vw,1,4840,1299,2001-07-31,0.00259259430181991
usa,be_me,monthly,vw,1,4794,1331,2001-08-31,0.00532382085829097
usa,be_me,monthly,vw,1,4718,1311,2001-09-30,-0.0369224082840228
usa,be_me,monthly,vw,1,4688,1321,2001-10-31,-0.0126588315457616
usa,be_me,monthly,vw,1,4617,1334,2001-11-30,0.00643984209795666
usa,be_me,monthly,vw,1,4591,1309,2001-12-31,0.0237649281277123
usa,be_me,monthly,vw,1,4558,1286,2002-01-31,-0.0233420838603734
usa,be_me,monthly,vw,1,4470,1317,2002-02-28,0.0251593787961598
usa,be_me,monthly,vw,1,4467,1276,2002-03-31,0.0421622432506261
usa,be_me,monthly,vw,1,4448,1287,2002-04-30,0.0434235417892346
usa,be_me,monthly,vw,1,4360,1287,2002-05-31,0.00799851667080249
usa,be_me,monthly,vw,1,4284,1282,2002-06-30,-0.0167540123812873
usa,be_me,monthly,vw,1,4302,1275,2002-07-31,-0.0613972526868859
usa,be_me,monthly,vw,1,4252,1261,2002-08-31,0.0231146415583672
usa,be_me,monthly,vw,1,4221,1226,2002-09-30,-0.02427217791701
usa,be_me,monthly,vw,1,4125,1197,2002-10-31,-0.0136845678357151
usa,be_me,monthly,vw,1,4184,1224,2002-11-30,0.0687507728802132
usa,be_me,monthly,vw,1,4168,1252,2002-12-31,0.0106159519017967
usa,be_me,monthly,vw,1,4133,1246,2003-01-31,0.000685362832454524
usa,be_me,monthly,vw,1,4059,1267,2003-02-28,-0.0240029290806252
usa,be_me,monthly,vw,1,4000,1256,2003-03-31,-0.0138781676350913
usa,be_me,monthly,vw,1,3980,1256,2003-04-30,0.042857801239335
usa,be_me,monthly,vw,1,3923,1266,2003-05-31,0.0545368944690433
usa,be_me,monthly,vw,1,3917,1312,2003-06-30,0.00278785690104634
usa,be_me,monthly,vw,1,3891,1339,2003-07-31,-0.00560177833450295
usa,be_me,monthly,vw,1,3805,1373,2003-08-31,0.0140158643540502
usa,be_me,monthly,vw,1,3784,1380,2003-09-30,-0.00714279812864926
usa,be_me,monthly,vw,1,3723,1414,2003-10-31,0.00965693565698692
usa,be_me,monthly,vw,1,3725,1457,2003-11-30,0.0155155861048151
usa,be_me,monthly,vw,1,3747,1468,2003-12-31,0.0391356004254642
usa,be_me,monthly,vw,1,3742,1492,2004-01-31,0.00494002750637813
usa,be_me,monthly,vw,1,3710,1540,2004-02-29,0.0183377283427137
usa,be_me,monthly,vw,1,3716,1521,2004-03-31,0.0142068184590468
usa,be_me,monthly,vw,1,3722,1541,2004-04-30,-0.000985702345648182
usa,be_me,monthly,vw,1,3685,1553,2004-05-31,-0.0139000923246597
usa,be_me,monthly,vw,1,3712,1510,2004-06-30,0.0140158727112266
usa,be_me,monthly,vw,1,3712,1508,2004-07-31,0.0323709796917472
usa,be_me,monthly,vw,1,3729,1460,2004-08-31,0.0071509371978401
usa,be_me,monthly,vw,1,3710,1459,2004-09-30,0.0175600838979841
usa,be_me,monthly,vw,1,3759,1439,2004-10-31,0.00268039113548323
usa,be_me,monthly,vw,1,3692,1414,2004-11-30,0.0245438043047919
usa,be_me,monthly,vw,1,3696,1433,2004-12-31,0.000514702507744574
usa,be_me,monthly,vw,1,3647,1455,2005-01-31,0.00392697655706483
usa,be_me,monthly,vw,1,3635,1447,2005-02-28,0.0138145472078749
usa,be_me,monthly,vw,1,3650,1423,2005-03-31,0.0067386118403857
usa,be_me,monthly,vw,1,3677,1434,2005-04-30,-0.00609853695984818
usa,be_me,monthly,vw,1,3665,1428,2005-05-31,-0.00762572247574136
usa,be_me,monthly,vw,1,3653,1401,2005-06-30,0.0248927904133965
usa,be_me,monthly,vw,1,3637,1409,2005-07-31,-0.0107902591998108
usa,be_me,monthly,vw,1,3667,1422,2005-08-31,0.00607261270216279
usa,be_me,monthly,vw,1,3661,1426,2005-09-30,0.00764010193968355
usa,be_me,monthly,vw,1,3640,1400,2005-10-31,0.00100580473687312
usa,be_me,monthly,vw,1,3655,1407,2005-11-30,-0.00573000029003937
usa,be_me,monthly,vw,1,3658,1388,2005-12-31,0.00829299823911256
usa,be_me,monthly,vw,1,3660,1413,2006-01-31,0.00247566299329995
usa,be_me,monthly,vw,1,3673,1429,2006-02-28,0.0149876737246198
usa,be_me,monthly,vw,1,3636,1436,2006-03-31,-0.00281513042728636
usa,be_me,monthly,vw,1,3595,1434,2006-04-30,0.0242917216639862
usa,be_me,monthly,vw,1,3574,1440,2006-05-31,0.0155836075324816
usa,be_me,monthly,vw,1,3553,1427,2006-06-30,0.00657911420757873
usa,be_me,monthly,vw,1,3579,1419,2006-07-31,0.0268112165448578
usa,be_me,monthly,vw,1,3561,1406,2006-08-31,-0.00865813749651416
usa,be_me,monthly,vw,1,3552,1399,2006-09-30,-0.0013661204023194
usa,be_me,monthly,vw,1,3518,1368,2006-10-31,0.00613604269921211
usa,be_me,monthly,vw,1,3538,1387,2006-11-30,0.00404771079473338
usa,be_me,monthly,vw,1,3564,1379,2006-12-31,0.0196476967890376
usa,be_me,monthly,vw,1,3578,1392,2007-01-31,-0.00668680536049158
usa,be_me,monthly,vw,1,3536,1369,2007-02-28,0.0089713506846151
usa,be_me,monthly,vw,1,3559,1390,2007-03-31,0.00215930525700541
usa,be_me,monthly,vw,1,3542,1366,2007-04-30,-0.00702024002658896
usa,be_me,monthly,vw,1,3549,1358,2007-05-31,0.00225078044415308
usa,be_me,monthly,vw,1,3576,1338,2007-06-30,-0.00944454832318462
usa,be_me,monthly,vw,1,3610,1351,2007-07-31,-0.0388214577771128
usa,be_me,monthly,vw,1,3585,1334,2007-08-31,-0.0145154735182513
usa,be_me,monthly,vw,1,3589,1302,2007-09-30,-0.0258326902922557
usa,be_me,monthly,vw,1,3561,1276,2007-10-31,-0.0438796377135232
usa,be_me,monthly,vw,1,3629,1246,2007-11-30,-0.0234931716278383
usa,be_me,monthly,vw,1,3630,1198,2007-12-31,-0.0240698160530533
usa,be_me,monthly,vw,1,3614,1192,2008-01-31,0.0605071361174311
usa,be_me,monthly,vw,1,3582,1236,2008-02-29,-0.0277960695356928
usa,be_me,monthly,vw,1,3563,1226,2008-03-31,-0.0177741532889869
usa,be_me,monthly,vw,1,3549,1189,2008-04-30,-0.00376644246108295
usa,be_me,monthly,vw,1,3582,1172,2008-05-31,-0.0329860486748233
usa,be_me,monthly,vw,1,3615,1163,2008-06-30,-0.082047125595633
usa,be_me,monthly,vw,1,3574,1138,2008-07-31,0.0483021546499658
usa,be_me,monthly,vw,1,3549,1156,2008-08-31,0.0123386457694535
usa,be_me,monthly,vw,1,3578,1153,2008-09-30,0.0206398028651051
usa,be_me,monthly,vw,1,3545,1150,2008-10-31,-0.069242525469834
usa,be_me,monthly,vw,1,3503,1090,2008-11-30,-0.0628023131111193
usa,be_me,monthly,vw,1,3509,1043,2008-12-31,0.0253837758462451
usa,be_me,monthly,vw,1,3506,1026,2009-01-31,-0.0617981440996641
usa,be_me,monthly,vw,1,3431,1049,2009-02-28,-0.0611743543693923
usa,be_me,monthly,vw,1,3457,1041,2009-03-31,0.0505716952851489
usa,be_me,monthly,vw,1,3417,1021,2009-04-30,0.159246954281667
usa,be_me,monthly,vw,1,3346,1052,2009-05-31,0.063041584941969
usa,be_me,monthly,vw,1,3327,1074,2009-06-30,-0.0161479595450166
usa,be_me,monthly,vw,1,3295,1076,2009-07-31,0.0373009265354818
usa,be_me,monthly,vw,1,3310,1098,2009-08-31,0.044804751415302
usa,be_me,monthly,vw,1,3306,1108,2009-09-30,0.00891771153223579
usa,be_me,monthly,vw,1,3301,1119,2009-10-31,-0.0217589400408927
usa,be_me,monthly,vw,1,3299,1150,2009-11-30,-0.0158409004528572
usa,be_me,monthly,vw,1,3276,1127,2009-12-31,0.00675445737147503
usa,be_me,monthly,vw,1,3273,1125,2010-01-31,0.0296441408621266
usa,be_me,monthly,vw,1,3255,1156,2010-02-28,-0.003763961725242
usa,be_me,monthly,vw,1,3254,1164,2010-03-31,0.0188277168441057
usa,be_me,monthly,vw,1,3229,1143,2010-04-30,0.006319754932839
usa,be_me,monthly,vw,1,3168,1148,2010-05-31,-0.00532893086186831
usa,be_me,monthly,vw,1,3117,1122,2010-06-30,-0.00497861792309232
usa,be_me,monthly,vw,1,3099,1110,2010-07-31,0.0116324131835726
usa,be_me,monthly,vw,1,3121,1126,2010-08-31,-0.0122132777709031
usa,be_me,monthly,vw,1,3149,1120,2010-09-30,-0.0180434599686179
usa,be_me,monthly,vw,1,3112,1100,2010-10-31,-0.0218541423469286
usa,be_me,monthly,vw,1,3106,1087,2010-11-30,-0.00606296980673936
usa,be_me,monthly,vw,1,3111,1084,2010-12-31,0.0473895077414596
usa,be_me,monthly,vw,1,3108,1079,2011-01-31,0.0134256052756335
usa,be_me,monthly,vw,1,3139,1101,2011-02-28,0.0050362720332412
usa,be_me,monthly,vw,1,3132,1101,2011-03-31,-0.01267424051697
usa,be_me,monthly,vw,1,3121,1087,2011-04-30,-0.0137105678675275
usa,be_me,monthly,vw,1,3130,1087,2011-05-31,-0.0122507005159868
usa,be_me,monthly,vw,1,3122,1063,2011-06-30,-0.0148888202449454
usa,be_me,monthly,vw,1,3093,1063,2011-07-31,-0.0317663355042847
usa,be_me,monthly,vw,1,3111,1097,2011-08-31,-0.0278325895434176
usa,be_me,monthly,vw,1,3120,1076,2011-09-30,-0.0369359649179178
usa,be_me,monthly,vw,1,3082,1069,2011-10-31,0.0450555601308353
usa,be_me,monthly,vw,1,3090,1047,2011-11-30,-0.0212458058014426
usa,be_me,monthly,vw,1,3122,1046,2011-12-31,0.0120841507026001
usa,be_me,monthly,vw,1,3098,1047,2012-01-31,0.00835954319708537
usa,be_me,monthly,vw,1,3092,1060,2012-02-29,0.00374704620198638
usa,be_me,monthly,vw,1,3099,1050,2012-03-31,-0.0121775709574765
usa,be_me,monthly,vw,1,3084,1056,2012-04-30,-0.0164149579747615
usa,be_me,monthly,vw,1,3072,1048,2012-05-31,-0.0221322777632226
usa,be_me,monthly,vw,1,3076,1052,2012-06-30,0.0108820814217764
usa,be_me,monthly,vw,1,3050,1047,2012-07-31,-0.00868957908337429
usa,be_me,monthly,vw,1,3055,1053,2012-08-31,0.0109865931063117
usa,be_me,monthly,vw,1,3070,1050,2012-09-30,0.0168598915973481
usa,be_me,monthly,vw,1,3036,1059,2012-10-31,0.0399412148070774
usa,be_me,monthly,vw,1,3047,1059,2012-11-30,-0.0218446051811669
usa,be_me,monthly,vw,1,3047,1056,2012-12-31,0.0379622253716386
usa,be_me,monthly,vw,1,3033,1043,2013-01-31,0.0205535638913754
usa,be_me,monthly,vw,1,3014,1046,2013-02-28,-0.0037720780578472
usa,be_me,monthly,vw,1,3005,1039,2013-03-31,-0.00235055537916946
usa,be_me,monthly,vw,1,2996,1030,2013-04-30,-0.00200952301367548
usa,be_me,monthly,vw,1,2988,1026,2013-05-31,0.0137159641373269
usa,be_me,monthly,vw,1,2979,1034,2013-06-30,-0.00249464132075101
usa,be_me,monthly,vw,1,2954,1024,2013-07-31,0.00684128456777065
usa,be_me,monthly,vw,1,2974,1049,2013-08-31,-0.00928654829425894
usa,be_me,monthly,vw,1,2965,1061,2013-09-30,-0.0219669865465544
usa,be_me,monthly,vw,1,2966,1073,2013-10-31,0.00280951146214201
usa,be_me,monthly,vw,1,2977,1079,2013-11-30,-0.00174325597061881
usa,be_me,monthly,vw,1,2960,1087,2013-12-31,-0.00553280643760916
usa,be_me,monthly,vw,1,2968,1081,2014-01-31,-0.0104119981534764
usa,be_me,monthly,vw,1,2947,1089,2014-02-28,-0.0173887232882119
usa,be_me,monthly,vw,1,2934,1094,2014-03-31,0.0527090158908081
usa,be_me,monthly,vw,1,2957,1118,2014-04-30,0.0178333343320639
usa,be_me,monthly,vw,1,2971,1120,2014-05-31,-0.0130455860099685
usa,be_me,monthly,vw,1,2978,1122,2014-06-30,0.00916066581614714
usa,be_me,monthly,vw,1,2983,1119,2014-07-31,-0.00344944561782111
usa,be_me,monthly,vw,1,2978,1132,2014-08-31,-0.0129477835404416
usa,be_me,monthly,vw,1,2969,1109,2014-09-30,-0.0203355259014105
usa,be_me,monthly,vw,1,2976,1112,2014-10-31,-0.0145465111344879
usa,be_me,monthly,vw,1,3001,1105,2014-11-30,-0.0421322440369013
usa,be_me,monthly,vw,1,3012,1092,2014-12-31,0.0175806769945066
usa,be_me,monthly,vw,1,2991,1088,2015-01-31,-0.0434965623561686
usa,be_me,monthly,vw,1,3002,1099,2015-02-28,-0.0107305008089935
usa,be_me,monthly,vw,1,3003,1091,2015-03-31,-0.00839662664899682
usa,be_me,monthly,vw,1,2978,1076,2015-04-30,0.0354383115652673
usa,be_me,monthly,vw,1,2970,1082,2015-05-31,-0.0235313499500991
usa,be_me,monthly,vw,1,2985,1077,2015-06-30,-0.00333764267698409
usa,be_me,monthly,vw,1,2995,1080,2015-07-31,-0.0438456665134575
usa,be_me,monthly,vw,1,3000,1080,2015-08-31,0.0111501131121143
usa,be_me,monthly,vw,1,2989,1080,2015-09-30,-0.0157637930509748
usa,be_me,monthly,vw,1,2964,1061,2015-10-31,-0.0111166793678154
usa,be_me,monthly,vw,1,2974,1056,2015-11-30,-0.0038233060610774
usa,be_me,monthly,vw,1,3002,1070,2015-12-31,-0.0262003044811307
usa,be_me,monthly,vw,1,2958,1053,2016-01-31,-0.00749197066255958
usa,be_me,monthly,vw,1,2967,1037,2016-02-29,0.00325208809562231
usa,be_me,monthly,vw,1,2975,1029,2016-03-31,0.0171014041559192
usa,be_me,monthly,vw,1,2928,1001,2016-04-30,0.0487342830777244
usa,be_me,monthly,vw,1,2888,1024,2016-05-31,-0.0185149040833951
usa,be_me,monthly,vw,1,2913,1021,2016-06-30,-0.00608860228655354
usa,be_me,monthly,vw,1,2913,1016,2016-07-31,-0.0153423691362577
usa,be_me,monthly,vw,1,2896,1063,2016-08-31,0.0265545970226785
usa,be_me,monthly,vw,1,2874,1055,2016-09-30,-0.00918678708711002
usa,be_me,monthly,vw,1,2835,1048,2016-10-31,0.0236134987438349
usa,be_me,monthly,vw,1,2858,1056,2016-11-30,0.0735839353265966
usa,be_me,monthly,vw,1,2837,1047,2016-12-31,0.0279617977758736
usa,be_me,monthly,vw,1,2832,1061,2017-01-31,-0.0225977924581105
usa,be_me,monthly,vw,1,2839,1054,2017-02-28,-0.0129726944436236
usa,be_me,monthly,vw,1,2816,1046,2017-03-31,-0.0289950104019762
usa,be_me,monthly,vw,1,2805,1055,2017-04-30,-0.0272290340612824
usa,be_me,monthly,vw,1,2779,1067,2017-05-31,-0.0443053613197932
usa,be_me,monthly,vw,1,2788,1047,2017-06-30,0.0320107838374742
usa,be_me,monthly,vw,1,2789,1054,2017-07-31,-0.000192954053609869
usa,be_me,monthly,vw,1,2810,1070,2017-08-31,-0.0336006354687651
usa,be_me,monthly,vw,1,2799,1061,2017-09-30,0.0299930628635154
usa,be_me,monthly,vw,1,2783,1063,2017-10-31,-0.0317163286322507
usa,be_me,monthly,vw,1,2803,1073,2017-11-30,0.00187476795951493
usa,be_me,monthly,vw,1,2795,1054,2017-12-31,0.0132787027531273
usa,be_me,monthly,vw,1,2778,1066,2018-01-31,-0.0389692502513495
usa,be_me,monthly,vw,1,2797,1063,2018-02-28,-0.0343223536306303
usa,be_me,monthly,vw,1,2777,1062,2018-03-31,0.00830835120454431
usa,be_me,monthly,vw,1,2767,1080,2018-04-30,0.00597704861086149
usa,be_me,monthly,vw,1,2753,1080,2018-05-31,-0.0405704362804747
usa,be_me,monthly,vw,1,2759,1073,2018-06-30,-0.00870432499594829
usa,be_me,monthly,vw,1,2742,1068,2018-07-31,0.00712373415494617
usa,be_me,monthly,vw,1,2787,1067,2018-08-31,-0.0513769700478186
usa,be_me,monthly,vw,1,2802,1077,2018-09-30,-0.0156028131942264
usa,be_me,monthly,vw,1,2787,1050,2018-10-31,0.027103723034269
usa,be_me,monthly,vw,1,2818,1068,2018-11-30,0.00160219712294202
usa,be_me,monthly,vw,1,2828,1047,2018-12-31,-0.0253819287782098
usa,be_me,monthly,vw,1,2785,1008,2019-01-31,0.0192095689149987
usa,be_me,monthly,vw,1,2815,1041,2019-02-28,-0.017992287023828
usa,be_me,monthly,vw,1,2808,1034,2019-03-31,-0.0405399866492762
usa,be_me,monthly,vw,1,2787,1035,2019-04-30,0.0147287012155901
usa,be_me,monthly,vw,1,2784,1039,2019-05-31,-0.023911401406172
usa,be_me,monthly,vw,1,2796,1027,2019-06-30,0.00212292606397607
usa,be_me,monthly,vw,1,2807,1023,2019-07-31,-0.0111403436529924
usa,be_me,monthly,vw,1,2836,1042,2019-08-31,-0.0370303600262724
usa,be_me,monthly,vw,1,2844,1026,2019-09-30,0.0546303917136798
usa,be_me,monthly,vw,1,2842,1039,2019-10-31,-0.01031094286041
usa,be_me,monthly,vw,1,2862,1029,2019-11-30,-0.0121262547727327
usa,be_me,monthly,vw,1,2859,1019,2019-12-31,0.00786815141413421
usa,be_me,monthly,vw,1,2836,1022,2020-01-31,-0.0706850242577025
usa,be_me,monthly,vw,1,2860,1032,2020-02-29,-0.0297661241760876
usa,be_me,monthly,vw,1,2837,1033,2020-03-31,-0.150075257872762
usa,be_me,monthly,vw,1,2815,1022,2020-04-30,-0.0134093597673134
usa,be_me,monthly,vw,1,2772,1016,2020-05-31,-0.0421162340009185
usa,be_me,monthly,vw,1,2765,1023,2020-06-30,-0.0372587586152315
usa,be_me,monthly,vw,1,2771,1045,2020-07-31,-0.055463751378794
usa,be_me,monthly,vw,1,2795,1052,2020-08-31,-0.0568752189960485
usa,be_me,monthly,vw,1,2799,1050,2020-09-30,-0.0092111422654805
usa,be_me,monthly,vw,1,2789,1050,2020-10-31,0.0435715072225189
usa,be_me,monthly,vw,1,2807,1055,2020-11-30,0.0789492884987739
usa,be_me,monthly,vw,1,2792,1064,2020-12-31,0.00202865384140964
usa,be_me,monthly,vw,1,2762,1069,2021-01-31,0.0141667204853162
usa,be_me,monthly,vw,1,2778,1098,2021-02-28,0.0934662865733714
usa,be_me,monthly,vw,1,2787,1135,2021-03-31,0.0653491339657593
usa,be_me,monthly,vw,1,2800,1158,2021-04-30,-0.0173026078457424
usa,be_me,monthly,vw,1,2880,1174,2021-05-31,0.0571320480001749
usa,be_me,monthly,vw,1,2887,1190,2021-06-30,-0.0804057974431914
usa,be_me,monthly,vw,1,2876,1194,2021-07-31,-0.041884268960751
usa,be_me,monthly,vw,1,2952,1143,2021-08-31,-0.0158054135856164
usa,be_me,monthly,vw,1,2939,1152,2021-09-30,0.0453772821640907
usa,be_me,monthly,vw,1,2933,1165,2021-10-31,-0.030466669058656
usa,be_me,monthly,vw,1,3045,1174,2021-11-30,-0.0422925182010169
usa,be_me,monthly,vw,1,3049,1149,2021-12-31,0.0301072788260369
usa,be_me,monthly,vw,1,3091,1131,2022-01-31,0.113739946065827
usa,be_me,monthly,vw,1,3190,1164,2022-02-28,0.0395160126161943
usa,be_me,monthly,vw,1,3202,1152,2022-03-31,-0.017743490549311
usa,be_me,monthly,vw,1,3170,1139,2022-04-30,0.0356238043245992
usa,be_me,monthly,vw,1,3240,1122,2022-05-31,0.0712546344324365
usa,be_me,monthly,vw,1,3301,1119,2022-06-30,-0.0348297590090544
usa,be_me,monthly,vw,1,3258,1122,2022-07-31,-0.0433267407388967
usa,be_me,monthly,vw,1,3320,1168,2022-08-31,0.0157049358563176
usa,be_me,monthly,vw,1,3284,1173,2022-09-30,-0.00841477772225578
usa,be_me,monthly,vw,1,3283,1155,2022-10-31,0.0544880760603745
usa,be_me,monthly,vw,1,3319,1139,2022-11-30,0.0224637024860054
usa,be_me,monthly,vw,1,3307,1110,2022-12-31,0.0135412276907921
usa,be_me,monthly,vw,1,3303,1094,2023-01-31,0.0229181680116346
usa,be_me,monthly,vw,1,3298,1142,2023-02-28,-0.0187116006426253
usa,be_me,monthly,vw,1,3309,1113,2023-03-31,-0.104024811541756
usa,be_me,monthly,vw,1,3335,1078,2023-04-30,0.00342835634832675
usa,be_me,monthly,vw,1,3238,1092,2023-05-31,-0.0820968521076419
usa,be_me,monthly,vw,1,3236,1086,2023-06-30,-0.00374954585414922
usa,be_me,monthly,vw,1,3230,1078,2023-07-31,0.0336010423736603
usa,be_me,monthly,vw,1,3222,1089,2023-08-31,-0.0291599139145918
usa,be_me,monthly,vw,1,3185,1058,2023-09-30,0.0250411424514542
usa,be_me,monthly,vw,1,3205,1051,2023-10-31,-0.014862249498398
usa,be_me,monthly,vw,1,3214,1052,2023-11-30,-0.00535937312668834
usa,be_me,monthly,vw,1,3221,1055,2023-12-31,0.032418900484927
